course_record_id,student_id,course_name,progress_percent,completed
C00001,ST001,Machine Learning,48,No
C00002,ST001,Statistics,37,No
C00003,ST002,Statistics,49,No
C00004,ST002,SQL,34,No
C00005,ST002,Excel,40,No
C00006,ST003,Excel,52,No
C00007,ST003,Machine Learning,43,No
C00008,ST003,SQL,76,No
C00009,ST004,Statistics,63,No
C00010,ST004,Machine Learning,65,No
C00011,ST004,Excel,67,No
C00012,ST004,SQL,40,No
C00013,ST004,Power BI,78,No
C00014,ST005,Python,92,Yes
C00015,ST005,Statistics,91,Yes
C00016,ST005,Machine Learning,94,Yes
C00017,ST005,Excel,71,No
C00018,ST006,SQL,48,No
C00019,ST006,Statistics,40,No
C00020,ST006,Python,81,Yes
C00021,ST007,Python,83,Yes
C00022,ST007,Machine Learning,39,No
C00023,ST007,Excel,81,Yes
C00024,ST007,Power BI,34,No
C00025,ST008,Machine Learning,15,No
C00026,ST008,SQL,17,No
C00027,ST008,Statistics,48,No
C00028,ST008,Power BI,24,No
C00029,ST009,Power BI,19,No
C00030,ST009,SQL,49,No
C00031,ST009,Python,0,No
C00032,ST009,Excel,13,No
C00033,ST009,Statistics,24,No
C00034,ST009,Machine Learning,5,No
C00035,ST010,Statistics,4,No
C00036,ST010,Power BI,41,No
C00037,ST010,Excel,15,No
C00038,ST010,Machine Learning,38,No
C00039,ST011,Statistics,34,No
C00040,ST011,Power BI,28,No
C00041,ST011,Machine Learning,20,No
C00042,ST011,Excel,1,No
C00043,ST012,Power BI,36,No
C00044,ST012,Python,16,No
C00045,ST012,Machine Learning,1,No
C00046,ST012,Excel,31,No
C00047,ST013,Excel,50,No
C00048,ST013,Machine Learning,1,No
C00049,ST013,SQL,32,No
C00050,ST013,Statistics,11,No
C00051,ST013,Power BI,44,No
C00052,ST013,Python,23,No
C00053,ST014,Statistics,47,No
C00054,ST014,SQL,24,No
C00055,ST014,Power BI,23,No
C00056,ST015,Excel,66,No
C00057,ST015,Statistics,82,Yes
C00058,ST015,Python,84,Yes
C00059,ST015,SQL,67,No
C00060,ST016,Machine Learning,43,No
C00061,ST016,Python,80,Yes
C00062,ST016,SQL,82,Yes
C00063,ST017,Machine Learning,45,No
C00064,ST017,Statistics,51,No
C00065,ST017,SQL,71,No
C00066,ST017,Python,85,Yes
C00067,ST018,Machine Learning,37,No
C00068,ST018,Python,5,No
C00069,ST018,Excel,18,No
C00070,ST018,SQL,8,No
C00071,ST018,Power BI,40,No
C00072,ST019,SQL,54,No
C00073,ST019,Python,42,No
C00074,ST019,Excel,70,No
C00075,ST019,Statistics,34,No
C00076,ST019,Power BI,30,No
C00077,ST020,Excel,72,No
C00078,ST020,Python,71,No
C00079,ST020,Machine Learning,45,No
C00080,ST021,Statistics,80,Yes
C00081,ST021,Machine Learning,73,No
C00082,ST021,Excel,78,No
C00083,ST022,Power BI,72,No
C00084,ST022,Excel,60,No
C00085,ST022,SQL,69,No
C00086,ST023,SQL,76,No
C00087,ST023,Power BI,33,No
C00088,ST023,Python,37,No
C00089,ST023,Statistics,51,No
C00090,ST024,Power BI,30,No
C00091,ST024,Statistics,4,No
C00092,ST024,Python,50,No
C00093,ST024,SQL,12,No
C00094,ST024,Excel,11,No
C00095,ST024,Machine Learning,1,No
C00096,ST025,Power BI,97,Yes
C00097,ST025,Statistics,88,Yes
C00098,ST025,Machine Learning,92,Yes
C00099,ST025,SQL,81,Yes
C00100,ST025,Excel,78,No
C00101,ST026,Machine Learning,79,No
C00102,ST026,Statistics,32,No
C00103,ST026,Python,66,No
C00104,ST026,SQL,38,No
C00105,ST027,Statistics,53,No
C00106,ST027,Machine Learning,72,No
C00107,ST027,Excel,65,No
C00108,ST027,Power BI,60,No
C00109,ST028,Python,30,No
C00110,ST028,Statistics,61,No
C00111,ST029,Statistics,44,No
C00112,ST029,Python,36,No
C00113,ST029,Machine Learning,18,No
C00114,ST030,Python,0,No
C00115,ST030,Machine Learning,7,No
C00116,ST030,Statistics,48,No
C00117,ST030,Excel,25,No
C00118,ST030,SQL,11,No
C00119,ST030,Power BI,32,No
C00120,ST031,Excel,61,No
C00121,ST031,SQL,35,No
C00122,ST032,Machine Learning,76,No
C00123,ST032,Python,80,Yes
C00124,ST032,Excel,44,No
C00125,ST032,Statistics,66,No
C00126,ST033,Python,49,No
C00127,ST033,Statistics,85,Yes
C00128,ST033,Machine Learning,34,No
C00129,ST033,Excel,43,No
C00130,ST033,Power BI,57,No
C00131,ST033,SQL,62,No
C00132,ST034,SQL,76,No
C00133,ST034,Statistics,88,Yes
C00134,ST034,Excel,84,Yes
C00135,ST035,Python,71,No
C00136,ST035,Excel,79,No
C00137,ST035,Machine Learning,53,No
C00138,ST035,Power BI,45,No
C00139,ST035,SQL,47,No
C00140,ST036,Machine Learning,53,No
C00141,ST036,Power BI,34,No
C00142,ST036,Python,36,No
C00143,ST036,Excel,40,No
C00144,ST037,Python,45,No
C00145,ST037,Machine Learning,6,No
C00146,ST037,Power BI,48,No
C00147,ST038,Python,4,No
C00148,ST038,SQL,48,No
C00149,ST038,Machine Learning,44,No
C00150,ST038,Statistics,18,No
C00151,ST038,Excel,12,No
C00152,ST039,Statistics,95,Yes
C00153,ST039,Excel,90,Yes
C00154,ST039,Machine Learning,87,Yes
C00155,ST039,SQL,100,Yes
C00156,ST040,Python,50,No
C00157,ST040,Statistics,46,No
C00158,ST040,Power BI,44,No
C00159,ST040,Machine Learning,80,Yes
C00160,ST040,Excel,43,No
C00161,ST041,Excel,84,Yes
C00162,ST041,Python,75,No
C00163,ST041,Power BI,67,No
C00164,ST041,Statistics,34,No
C00165,ST041,Machine Learning,82,Yes
C00166,ST041,SQL,66,No
C00167,ST042,Excel,61,No
C00168,ST042,Python,34,No
C00169,ST043,Statistics,58,No
C00170,ST043,Machine Learning,43,No
C00171,ST043,Power BI,79,No
C00172,ST043,Python,58,No
C00173,ST043,SQL,65,No
C00174,ST043,Excel,52,No
C00175,ST044,Python,6,No
C00176,ST044,Statistics,38,No
C00177,ST044,SQL,28,No
C00178,ST044,Power BI,7,No
C00179,ST044,Excel,22,No
C00180,ST045,Power BI,38,No
C00181,ST045,Python,14,No
C00182,ST045,SQL,0,No
C00183,ST045,Statistics,37,No
C00184,ST046,Machine Learning,49,No
C00185,ST046,SQL,31,No
C00186,ST046,Power BI,15,No
C00187,ST046,Excel,25,No
C00188,ST046,Statistics,21,No
C00189,ST046,Python,43,No
C00190,ST047,Machine Learning,97,Yes
C00191,ST047,Power BI,81,Yes
C00192,ST047,SQL,73,No
C00193,ST047,Statistics,75,No
C00194,ST048,SQL,46,No
C00195,ST048,Statistics,79,No
C00196,ST049,SQL,65,No
C00197,ST049,Power BI,32,No
C00198,ST049,Python,52,No
C00199,ST050,Machine Learning,44,No
C00200,ST050,Python,59,No
C00201,ST050,Excel,80,Yes
C00202,ST050,Power BI,49,No
C00203,ST050,Statistics,36,No
C00204,ST051,Statistics,3,No
C00205,ST051,Python,27,No
C00206,ST051,Power BI,46,No
C00207,ST052,Python,30,No
C00208,ST052,SQL,43,No
C00209,ST052,Power BI,63,No
C00210,ST052,Excel,76,No
C00211,ST052,Machine Learning,40,No
C00212,ST053,Statistics,35,No
C00213,ST053,Power BI,10,No
C00214,ST053,Excel,29,No
C00215,ST054,SQL,64,No
C00216,ST054,Machine Learning,54,No
C00217,ST054,Excel,51,No
C00218,ST054,Power BI,37,No
C00219,ST054,Statistics,34,No
C00220,ST054,Python,30,No
C00221,ST055,Statistics,35,No
C00222,ST055,Power BI,52,No
C00223,ST055,SQL,73,No
C00224,ST055,Machine Learning,60,No
C00225,ST055,Python,85,Yes
C00226,ST056,Excel,92,Yes
C00227,ST056,SQL,87,Yes
C00228,ST056,Machine Learning,83,Yes
C00229,ST057,Statistics,88,Yes
C00230,ST057,Power BI,86,Yes
C00231,ST057,Machine Learning,75,No
C00232,ST057,SQL,94,Yes
C00233,ST058,Excel,74,No
C00234,ST058,SQL,70,No
C00235,ST058,Python,87,Yes
C00236,ST058,Statistics,82,Yes
C00237,ST059,Python,13,No
C00238,ST059,Power BI,10,No
C00239,ST059,SQL,45,No
C00240,ST059,Excel,36,No
C00241,ST059,Machine Learning,35,No
C00242,ST060,Power BI,45,No
C00243,ST060,Python,38,No
C00244,ST061,Excel,32,No
C00245,ST061,SQL,45,No
C00246,ST062,SQL,69,No
C00247,ST062,Excel,52,No
C00248,ST062,Power BI,63,No
C00249,ST062,Statistics,39,No
C00250,ST063,Machine Learning,34,No
C00251,ST063,Python,63,No
C00252,ST064,Power BI,70,No
C00253,ST064,Machine Learning,42,No
C00254,ST064,SQL,54,No
C00255,ST064,Statistics,76,No
C00256,ST064,Python,49,No
C00257,ST065,SQL,27,No
C00258,ST065,Power BI,34,No
C00259,ST065,Excel,4,No
C00260,ST065,Statistics,42,No
C00261,ST065,Machine Learning,50,No
C00262,ST065,Python,15,No
C00263,ST066,Python,86,Yes
C00264,ST066,SQL,80,Yes
C00265,ST066,Power BI,94,Yes
C00266,ST066,Statistics,76,No
C00267,ST067,Excel,41,No
C00268,ST067,Python,41,No
C00269,ST067,SQL,50,No
C00270,ST067,Machine Learning,73,No
C00271,ST068,Excel,97,Yes
C00272,ST068,SQL,95,Yes
C00273,ST068,Power BI,74,No
C00274,ST069,Excel,68,No
C00275,ST069,Statistics,37,No
C00276,ST069,Power BI,82,Yes
C00277,ST069,Python,47,No
C00278,ST070,Python,39,No
C00279,ST070,Machine Learning,30,No
C00280,ST070,Excel,62,No
C00281,ST071,SQL,31,No
C00282,ST071,Excel,77,No
C00283,ST071,Python,84,Yes
C00284,ST071,Statistics,38,No
C00285,ST072,Statistics,70,No
C00286,ST072,Excel,99,Yes
C00287,ST073,SQL,51,No
C00288,ST073,Excel,33,No
C00289,ST073,Statistics,64,No
C00290,ST073,Python,63,No
C00291,ST074,SQL,34,No
C00292,ST074,Python,45,No
C00293,ST074,Power BI,20,No
C00294,ST074,Excel,47,No
C00295,ST074,Statistics,43,No
C00296,ST075,Machine Learning,30,No
C00297,ST075,Statistics,61,No
C00298,ST075,Excel,42,No
C00299,ST075,Python,73,No
C00300,ST076,SQL,27,No
C00301,ST076,Statistics,14,No
C00302,ST076,Machine Learning,36,No
C00303,ST077,SQL,60,No
C00304,ST077,Power BI,59,No
C00305,ST077,Python,57,No
C00306,ST077,Machine Learning,77,No
C00307,ST078,Excel,82,Yes
C00308,ST078,Python,96,Yes
C00309,ST079,Power BI,9,No
C00310,ST079,SQL,27,No
C00311,ST079,Python,23,No
C00312,ST079,Statistics,32,No
C00313,ST079,Machine Learning,13,No
C00314,ST079,Excel,46,No
C00315,ST080,Power BI,28,No
C00316,ST080,Statistics,30,No
C00317,ST080,Excel,10,No
C00318,ST080,Python,28,No
C00319,ST081,Excel,68,No
C00320,ST081,Statistics,82,Yes
C00321,ST082,Statistics,37,No
C00322,ST082,Power BI,27,No
C00323,ST082,Machine Learning,8,No
C00324,ST082,Python,39,No
C00325,ST082,Excel,33,No
C00326,ST083,Excel,47,No
C00327,ST083,Python,25,No
C00328,ST083,Power BI,49,No
C00329,ST084,Python,96,Yes
C00330,ST084,Excel,92,Yes
C00331,ST084,Statistics,84,Yes
C00332,ST084,Power BI,95,Yes
C00333,ST085,Machine Learning,69,No
C00334,ST085,Power BI,36,No
C00335,ST086,Python,11,No
C00336,ST086,Excel,42,No
C00337,ST086,Statistics,26,No
C00338,ST087,Python,39,No
C00339,ST087,Power BI,37,No
C00340,ST087,Excel,9,No
C00341,ST087,Machine Learning,42,No
C00342,ST088,Excel,45,No
C00343,ST088,Python,70,No
C00344,ST088,Power BI,80,Yes
C00345,ST088,Statistics,80,Yes
C00346,ST089,Statistics,78,No
C00347,ST089,Python,62,No
C00348,ST089,Excel,78,No
C00349,ST089,Power BI,37,No
C00350,ST090,Machine Learning,31,No
C00351,ST090,Statistics,27,No
C00352,ST090,SQL,39,No
C00353,ST090,Power BI,5,No
C00354,ST090,Python,31,No
C00355,ST091,Power BI,52,No
C00356,ST091,Machine Learning,49,No
C00357,ST091,Excel,31,No
C00358,ST091,SQL,40,No
C00359,ST091,Python,64,No
C00360,ST091,Statistics,41,No
C00361,ST092,Excel,32,No
C00362,ST092,Statistics,3,No
C00363,ST092,Machine Learning,48,No
C00364,ST092,SQL,12,No
C00365,ST092,Python,21,No
C00366,ST092,Power BI,6,No
C00367,ST093,SQL,85,Yes
C00368,ST093,Machine Learning,100,Yes
C00369,ST093,Excel,93,Yes
C00370,ST093,Power BI,95,Yes
C00371,ST093,Python,89,Yes
C00372,ST094,Machine Learning,12,No
C00373,ST094,Excel,38,No
C00374,ST094,SQL,18,No
C00375,ST094,Statistics,20,No
C00376,ST095,Machine Learning,28,No
C00377,ST095,Statistics,10,No
C00378,ST095,Power BI,46,No
C00379,ST095,Python,28,No
C00380,ST095,SQL,38,No
C00381,ST096,SQL,81,Yes
C00382,ST096,Power BI,90,Yes
C00383,ST096,Machine Learning,95,Yes
C00384,ST096,Excel,89,Yes
C00385,ST096,Python,97,Yes
C00386,ST096,Statistics,80,Yes
C00387,ST097,Python,46,No
C00388,ST097,Machine Learning,28,No
C00389,ST098,Power BI,36,No
C00390,ST098,Excel,10,No
C00391,ST098,Machine Learning,39,No
C00392,ST098,Statistics,0,No
C00393,ST099,Excel,80,Yes
C00394,ST099,Power BI,83,Yes
C00395,ST099,Statistics,77,No
C00396,ST099,SQL,77,No
C00397,ST099,Python,85,Yes
C00398,ST099,Machine Learning,73,No
C00399,ST100,Machine Learning,50,No
C00400,ST100,Statistics,1,No
C00401,ST100,Excel,28,No
C00402,ST100,Power BI,17,No
C00403,ST100,Python,38,No
C00404,ST101,SQL,57,No
C00405,ST101,Power BI,73,No
C00406,ST101,Python,30,No
C00407,ST101,Statistics,62,No
C00408,ST101,Excel,68,No
C00409,ST102,SQL,28,No
C00410,ST102,Excel,1,No
C00411,ST102,Statistics,25,No
C00412,ST102,Machine Learning,14,No
C00413,ST102,Python,50,No
C00414,ST102,Power BI,18,No
C00415,ST103,Machine Learning,45,No
C00416,ST103,Python,43,No
C00417,ST103,Excel,62,No
C00418,ST104,SQL,0,No
C00419,ST104,Python,20,No
C00420,ST104,Excel,2,No
C00421,ST104,Power BI,31,No
C00422,ST105,Statistics,92,Yes
C00423,ST105,Power BI,76,No
C00424,ST105,Python,76,No
C00425,ST105,Excel,86,Yes
C00426,ST106,Python,72,No
C00427,ST106,Excel,78,No
C00428,ST106,Machine Learning,74,No
C00429,ST107,Machine Learning,37,No
C00430,ST107,Python,38,No
C00431,ST107,Excel,53,No
C00432,ST107,Power BI,82,Yes
C00433,ST107,SQL,83,Yes
C00434,ST107,Statistics,78,No
C00435,ST108,SQL,28,No
C00436,ST108,Machine Learning,23,No
C00437,ST108,Power BI,2,No
C00438,ST108,Excel,19,No
C00439,ST109,Excel,76,No
C00440,ST109,Power BI,32,No
C00441,ST109,SQL,70,No
C00442,ST109,Machine Learning,71,No
C00443,ST110,Statistics,70,No
C00444,ST110,SQL,81,Yes
C00445,ST110,Python,68,No
C00446,ST110,Machine Learning,76,No
C00447,ST110,Excel,82,Yes
C00448,ST111,Power BI,39,No
C00449,ST111,Statistics,16,No
C00450,ST111,SQL,29,No
C00451,ST111,Python,35,No
C00452,ST111,Machine Learning,42,No
C00453,ST111,Excel,32,No
C00454,ST112,Statistics,39,No
C00455,ST112,Power BI,56,No
C00456,ST113,Statistics,19,No
C00457,ST113,SQL,38,No
C00458,ST113,Machine Learning,46,No
C00459,ST113,Power BI,4,No
C00460,ST114,Statistics,77,No
C00461,ST114,SQL,45,No
C00462,ST114,Power BI,39,No
C00463,ST115,Machine Learning,33,No
C00464,ST115,Excel,12,No
C00465,ST115,Statistics,50,No
C00466,ST115,Power BI,21,No
C00467,ST115,SQL,31,No
C00468,ST116,Python,94,Yes
C00469,ST116,Machine Learning,84,Yes
C00470,ST117,Excel,30,No
C00471,ST117,Python,43,No
C00472,ST117,Power BI,39,No
C00473,ST117,SQL,2,No
C00474,ST117,Statistics,1,No
C00475,ST118,Python,76,No
C00476,ST118,Statistics,72,No
C00477,ST118,Excel,43,No
C00478,ST119,Python,85,Yes
C00479,ST119,SQL,97,Yes
C00480,ST119,Excel,85,Yes
C00481,ST119,Machine Learning,82,Yes
C00482,ST119,Power BI,79,No
C00483,ST119,Statistics,82,Yes
C00484,ST120,Python,23,No
C00485,ST120,Excel,29,No
C00486,ST120,Statistics,14,No
C00487,ST120,Power BI,14,No
C00488,ST120,Machine Learning,31,No
C00489,ST120,SQL,21,No
C00490,ST121,Machine Learning,61,No
C00491,ST121,Excel,72,No
C00492,ST122,Machine Learning,63,No
C00493,ST122,Statistics,71,No
C00494,ST122,Excel,52,No
C00495,ST122,Power BI,45,No
C00496,ST122,Python,83,Yes
C00497,ST122,SQL,41,No
C00498,ST123,SQL,80,Yes
C00499,ST123,Python,79,No
C00500,ST124,Python,12,No
C00501,ST124,SQL,4,No
C00502,ST124,Machine Learning,0,No
C00503,ST124,Statistics,5,No
C00504,ST124,Excel,32,No
C00505,ST125,Statistics,21,No
C00506,ST125,Power BI,10,No
C00507,ST125,Machine Learning,18,No
C00508,ST126,Excel,42,No
C00509,ST126,Python,72,No
C00510,ST127,SQL,38,No
C00511,ST127,Machine Learning,37,No
C00512,ST127,Power BI,38,No
C00513,ST128,Python,79,No
C00514,ST128,Statistics,53,No
C00515,ST128,Machine Learning,32,No
C00516,ST129,Python,50,No
C00517,ST129,Power BI,28,No
C00518,ST130,Statistics,34,No
C00519,ST130,Power BI,19,No
C00520,ST131,Statistics,30,No
C00521,ST131,Python,33,No
C00522,ST131,Power BI,68,No
C00523,ST131,Machine Learning,36,No
C00524,ST131,Excel,54,No
C00525,ST132,Power BI,26,No
C00526,ST132,Excel,26,No
C00527,ST132,Machine Learning,8,No
C00528,ST133,Machine Learning,20,No
C00529,ST133,Statistics,40,No
C00530,ST133,Power BI,39,No
C00531,ST133,Python,2,No
C00532,ST133,SQL,1,No
C00533,ST134,Python,31,No
C00534,ST134,Statistics,63,No
C00535,ST134,Machine Learning,83,Yes
C00536,ST134,Power BI,56,No
C00537,ST134,SQL,57,No
C00538,ST135,Excel,17,No
C00539,ST135,Python,21,No
C00540,ST135,SQL,14,No
C00541,ST135,Power BI,8,No
C00542,ST135,Machine Learning,14,No
C00543,ST135,Statistics,23,No
C00544,ST136,Power BI,79,No
C00545,ST136,Excel,33,No
C00546,ST137,Power BI,37,No
C00547,ST137,Excel,7,No
C00548,ST137,Python,43,No
C00549,ST137,SQL,12,No
C00550,ST137,Statistics,38,No
C00551,ST137,Machine Learning,44,No
C00552,ST138,Python,25,No
C00553,ST138,Machine Learning,20,No
C00554,ST138,Power BI,48,No
C00555,ST138,SQL,32,No
C00556,ST138,Statistics,45,No
C00557,ST138,Excel,5,No
C00558,ST139,Excel,69,No
C00559,ST139,Machine Learning,51,No
C00560,ST139,Power BI,82,Yes
C00561,ST140,Excel,94,Yes
C00562,ST140,SQL,78,No
C00563,ST140,Python,78,No
C00564,ST140,Statistics,73,No
C00565,ST140,Power BI,76,No
C00566,ST140,Machine Learning,70,No
C00567,ST141,Python,79,No
C00568,ST141,Excel,49,No
C00569,ST141,SQL,46,No
C00570,ST141,Statistics,51,No
C00571,ST142,Statistics,37,No
C00572,ST142,Excel,55,No
C00573,ST142,Power BI,43,No
C00574,ST142,SQL,36,No
C00575,ST142,Machine Learning,50,No
C00576,ST143,SQL,56,No
C00577,ST143,Machine Learning,41,No
C00578,ST143,Excel,65,No
C00579,ST143,Power BI,32,No
C00580,ST143,Python,58,No
C00581,ST144,Python,28,No
C00582,ST144,Excel,4,No
C00583,ST144,Machine Learning,16,No
C00584,ST144,Statistics,32,No
C00585,ST144,Power BI,41,No
C00586,ST145,Excel,59,No
C00587,ST145,Power BI,37,No
C00588,ST145,Statistics,61,No
C00589,ST146,Statistics,94,Yes
C00590,ST146,SQL,89,Yes
C00591,ST146,Machine Learning,73,No
C00592,ST146,Power BI,86,Yes
C00593,ST146,Python,72,No
C00594,ST147,Statistics,45,No
C00595,ST147,Excel,8,No
C00596,ST148,SQL,16,No
C00597,ST148,Power BI,42,No
C00598,ST148,Excel,25,No
C00599,ST148,Machine Learning,0,No
C00600,ST148,Statistics,13,No
C00601,ST148,Python,45,No
C00602,ST149,Power BI,12,No
C00603,ST149,SQL,45,No
C00604,ST149,Excel,28,No
C00605,ST149,Python,37,No
C00606,ST149,Statistics,19,No
C00607,ST149,Machine Learning,42,No
C00608,ST150,Power BI,48,No
C00609,ST150,SQL,48,No
C00610,ST151,Power BI,36,No
C00611,ST151,Excel,52,No
C00612,ST151,SQL,83,Yes
C00613,ST151,Machine Learning,31,No
C00614,ST151,Python,32,No
C00615,ST152,SQL,73,No
C00616,ST152,Excel,100,Yes
C00617,ST152,Power BI,100,Yes
C00618,ST152,Python,78,No
C00619,ST153,Statistics,76,No
C00620,ST153,Python,55,No
C00621,ST153,Power BI,50,No
C00622,ST153,Machine Learning,58,No
C00623,ST153,Excel,43,No
C00624,ST154,Machine Learning,34,No
C00625,ST154,SQL,32,No
C00626,ST154,Statistics,47,No
C00627,ST155,Excel,82,Yes
C00628,ST155,Machine Learning,77,No
C00629,ST156,Excel,84,Yes
C00630,ST156,Power BI,95,Yes
C00631,ST157,Machine Learning,29,No
C00632,ST157,SQL,11,No
C00633,ST157,Power BI,38,No
C00634,ST158,Excel,89,Yes
C00635,ST158,Statistics,78,No
C00636,ST158,Power BI,71,No
C00637,ST158,Machine Learning,97,Yes
C00638,ST158,SQL,91,Yes
C00639,ST159,Statistics,33,No
C00640,ST159,Machine Learning,41,No
C00641,ST159,Power BI,38,No
C00642,ST159,Python,15,No
C00643,ST160,Excel,33,No
C00644,ST160,Power BI,65,No
C00645,ST161,Power BI,44,No
C00646,ST161,Excel,19,No
C00647,ST161,Python,50,No
C00648,ST161,Statistics,36,No
C00649,ST161,SQL,22,No
C00650,ST161,Machine Learning,35,No
C00651,ST162,Power BI,21,No
C00652,ST162,Statistics,50,No
C00653,ST163,Python,3,No
C00654,ST163,Power BI,25,No
C00655,ST163,Excel,40,No
C00656,ST163,Machine Learning,0,No
C00657,ST163,Statistics,9,No
C00658,ST164,SQL,66,No
C00659,ST164,Power BI,83,Yes
C00660,ST164,Machine Learning,79,No
C00661,ST164,Statistics,47,No
C00662,ST164,Excel,82,Yes
C00663,ST165,Statistics,44,No
C00664,ST165,Power BI,41,No
C00665,ST165,Machine Learning,26,No
C00666,ST165,SQL,24,No
C00667,ST165,Python,34,No
C00668,ST165,Excel,44,No
C00669,ST166,Statistics,27,No
C00670,ST166,Power BI,0,No
C00671,ST166,Python,15,No
C00672,ST167,Python,46,No
C00673,ST167,SQL,84,Yes
C00674,ST167,Power BI,83,Yes
C00675,ST167,Statistics,64,No
C00676,ST168,Python,76,No
C00677,ST168,Machine Learning,64,No
C00678,ST168,Power BI,70,No
C00679,ST168,SQL,51,No
C00680,ST169,Machine Learning,37,No
C00681,ST169,Power BI,50,No
C00682,ST169,Python,32,No
C00683,ST169,Statistics,7,No
C00684,ST169,Excel,4,No
C00685,ST169,SQL,31,No
C00686,ST170,Python,0,No
C00687,ST170,Machine Learning,9,No
C00688,ST170,SQL,32,No
C00689,ST170,Power BI,38,No
C00690,ST170,Statistics,41,No
C00691,ST171,Statistics,58,No
C00692,ST171,SQL,33,No
C00693,ST171,Excel,72,No
C00694,ST171,Python,36,No
C00695,ST171,Power BI,36,No
C00696,ST172,Power BI,55,No
C00697,ST172,Machine Learning,49,No
C00698,ST172,Python,43,No
C00699,ST172,Excel,60,No
C00700,ST173,Machine Learning,45,No
C00701,ST173,SQL,23,No
C00702,ST174,Python,32,No
C00703,ST174,Power BI,50,No
C00704,ST174,Statistics,1,No
C00705,ST175,Python,90,Yes
C00706,ST175,Excel,100,Yes
C00707,ST175,Statistics,96,Yes
C00708,ST175,SQL,73,No
C00709,ST175,Machine Learning,95,Yes
C00710,ST176,SQL,72,No
C00711,ST176,Machine Learning,31,No
C00712,ST177,Power BI,66,No
C00713,ST177,Excel,65,No
C00714,ST177,Python,63,No
C00715,ST177,Statistics,78,No
C00716,ST177,SQL,71,No
C00717,ST178,Python,64,No
C00718,ST178,Excel,76,No
C00719,ST178,SQL,54,No
C00720,ST178,Machine Learning,56,No
C00721,ST178,Power BI,46,No
C00722,ST178,Statistics,66,No
C00723,ST179,Power BI,92,Yes
C00724,ST179,Machine Learning,79,No
C00725,ST179,Statistics,77,No
C00726,ST179,Excel,84,Yes
C00727,ST179,SQL,84,Yes
C00728,ST180,Power BI,44,No
C00729,ST180,Machine Learning,68,No
C00730,ST181,Excel,62,No
C00731,ST181,Power BI,72,No
C00732,ST182,SQL,54,No
C00733,ST182,Machine Learning,67,No
C00734,ST182,Power BI,47,No
C00735,ST182,Excel,56,No
C00736,ST182,Statistics,39,No
C00737,ST183,Statistics,40,No
C00738,ST183,Excel,49,No
C00739,ST183,Power BI,71,No
C00740,ST183,Python,65,No
C00741,ST183,Machine Learning,33,No
C00742,ST184,SQL,81,Yes
C00743,ST184,Power BI,77,No
C00744,ST184,Excel,96,Yes
C00745,ST184,Python,97,Yes
C00746,ST184,Machine Learning,83,Yes
C00747,ST184,Statistics,95,Yes
C00748,ST185,SQL,78,No
C00749,ST185,Statistics,30,No
C00750,ST186,Statistics,74,No
C00751,ST186,Power BI,54,No
C00752,ST186,Excel,66,No
C00753,ST186,Python,82,Yes
C00754,ST186,SQL,45,No
C00755,ST187,SQL,80,Yes
C00756,ST187,Statistics,81,Yes
C00757,ST187,Python,73,No
C00758,ST188,Machine Learning,84,Yes
C00759,ST188,Power BI,87,Yes
C00760,ST188,Statistics,81,Yes
C00761,ST189,Machine Learning,35,No
C00762,ST189,Python,49,No
C00763,ST189,Excel,53,No
C00764,ST189,SQL,36,No
C00765,ST189,Power BI,77,No
C00766,ST190,Power BI,76,No
C00767,ST190,Excel,90,Yes
C00768,ST190,Python,72,No
C00769,ST190,Machine Learning,81,Yes
C00770,ST190,SQL,83,Yes
C00771,ST191,Excel,40,No
C00772,ST191,Machine Learning,65,No
C00773,ST191,SQL,85,Yes
C00774,ST191,Statistics,67,No
C00775,ST191,Power BI,75,No
C00776,ST191,Python,60,No
C00777,ST192,Machine Learning,64,No
C00778,ST192,Excel,60,No
C00779,ST192,SQL,45,No
C00780,ST192,Power BI,84,Yes
C00781,ST192,Statistics,45,No
C00782,ST193,Python,50,No
C00783,ST193,SQL,19,No
C00784,ST193,Statistics,47,No
C00785,ST193,Power BI,2,No
C00786,ST194,Excel,43,No
C00787,ST194,Power BI,83,Yes
C00788,ST194,SQL,76,No
C00789,ST194,Python,46,No
C00790,ST194,Statistics,60,No
C00791,ST195,Power BI,0,No
C00792,ST195,SQL,41,No
C00793,ST196,Excel,37,No
C00794,ST196,Statistics,63,No
C00795,ST196,Python,57,No
C00796,ST196,SQL,42,No
C00797,ST196,Machine Learning,43,No
C00798,ST197,Statistics,53,No
C00799,ST197,Python,58,No
C00800,ST197,Power BI,82,Yes
C00801,ST197,Machine Learning,54,No
C00802,ST197,SQL,69,No
C00803,ST197,Excel,58,No
C00804,ST198,Python,99,Yes
C00805,ST198,Power BI,74,No
C00806,ST198,Machine Learning,81,Yes
C00807,ST198,SQL,71,No
C00808,ST199,Excel,79,No
C00809,ST199,Statistics,59,No
C00810,ST199,Machine Learning,51,No
C00811,ST199,SQL,74,No
C00812,ST199,Python,83,Yes
C00813,ST199,Power BI,81,Yes
C00814,ST200,Statistics,72,No
C00815,ST200,Python,42,No
C00816,ST200,Power BI,65,No
C00817,ST200,Machine Learning,50,No
C00818,ST200,Excel,33,No
C00819,ST200,SQL,36,No
C00820,ST201,SQL,79,No
C00821,ST201,Statistics,49,No
C00822,ST201,Machine Learning,77,No
C00823,ST201,Excel,39,No
C00824,ST201,Python,32,No
C00825,ST201,Power BI,38,No
C00826,ST202,Machine Learning,72,No
C00827,ST202,SQL,41,No
C00828,ST202,Power BI,39,No
C00829,ST202,Python,37,No
C00830,ST202,Excel,79,No
C00831,ST202,Statistics,36,No
C00832,ST203,Machine Learning,60,No
C00833,ST203,Power BI,66,No
C00834,ST204,Excel,45,No
C00835,ST204,Statistics,53,No
C00836,ST204,Power BI,69,No
C00837,ST204,Machine Learning,78,No
C00838,ST204,Python,68,No
C00839,ST204,SQL,32,No
C00840,ST205,SQL,49,No
C00841,ST205,Machine Learning,36,No
C00842,ST206,Python,78,No
C00843,ST206,Excel,85,Yes
C00844,ST206,Machine Learning,64,No
C00845,ST206,SQL,67,No
C00846,ST207,Power BI,74,No
C00847,ST207,Machine Learning,65,No
C00848,ST207,Excel,32,No
C00849,ST207,Python,64,No
C00850,ST207,SQL,48,No
C00851,ST207,Statistics,52,No
C00852,ST208,Python,48,No
C00853,ST208,Excel,53,No
C00854,ST209,Python,82,Yes
C00855,ST209,Statistics,77,No
C00856,ST209,Excel,95,Yes
C00857,ST210,Machine Learning,66,No
C00858,ST210,Excel,83,Yes
C00859,ST210,Statistics,48,No
C00860,ST210,SQL,61,No
C00861,ST210,Python,32,No
C00862,ST211,Python,16,No
C00863,ST211,Statistics,34,No
C00864,ST211,Machine Learning,32,No
C00865,ST211,Power BI,31,No
C00866,ST211,Excel,5,No
C00867,ST211,SQL,8,No
C00868,ST212,Machine Learning,44,No
C00869,ST212,Excel,11,No
C00870,ST212,SQL,45,No
C00871,ST212,Statistics,13,No
C00872,ST212,Python,1,No
C00873,ST213,Python,36,No
C00874,ST213,Machine Learning,45,No
C00875,ST213,Statistics,85,Yes
C00876,ST213,Excel,34,No
C00877,ST213,SQL,81,Yes
C00878,ST213,Power BI,48,No
C00879,ST214,Power BI,82,Yes
C00880,ST214,Machine Learning,54,No
C00881,ST214,Statistics,39,No
C00882,ST215,Power BI,2,No
C00883,ST215,Machine Learning,42,No
C00884,ST215,Statistics,33,No
C00885,ST215,Excel,30,No
C00886,ST215,SQL,11,No
C00887,ST215,Python,18,No
C00888,ST216,Python,50,No
C00889,ST216,Machine Learning,31,No
C00890,ST217,Excel,18,No
C00891,ST217,Statistics,7,No
C00892,ST217,Python,29,No
C00893,ST217,SQL,14,No
C00894,ST218,Python,87,Yes
C00895,ST218,Statistics,87,Yes
C00896,ST218,Power BI,99,Yes
C00897,ST218,Machine Learning,100,Yes
C00898,ST218,SQL,71,No
C00899,ST219,Statistics,78,No
C00900,ST219,Power BI,72,No
C00901,ST219,Excel,84,Yes
C00902,ST220,Power BI,79,No
C00903,ST220,SQL,63,No
C00904,ST220,Python,55,No
C00905,ST220,Excel,54,No
C00906,ST220,Statistics,54,No
C00907,ST221,Python,60,No
C00908,ST221,Power BI,74,No
C00909,ST221,SQL,36,No
C00910,ST222,Python,81,Yes
C00911,ST222,Statistics,62,No
C00912,ST222,Machine Learning,54,No
C00913,ST222,Excel,83,Yes
C00914,ST223,Python,88,Yes
C00915,ST223,Machine Learning,88,Yes
C00916,ST223,SQL,100,Yes
C00917,ST223,Excel,77,No
C00918,ST223,Statistics,83,Yes
C00919,ST223,Power BI,77,No
C00920,ST224,Excel,91,Yes
C00921,ST224,Power BI,86,Yes
C00922,ST224,Python,86,Yes
C00923,ST224,Machine Learning,96,Yes
C00924,ST224,SQL,87,Yes
C00925,ST224,Statistics,85,Yes
C00926,ST225,SQL,75,No
C00927,ST225,Power BI,44,No
C00928,ST225,Statistics,60,No
C00929,ST226,SQL,9,No
C00930,ST226,Machine Learning,38,No
C00931,ST226,Power BI,40,No
C00932,ST226,Excel,5,No
C00933,ST227,Power BI,83,Yes
C00934,ST227,Machine Learning,93,Yes
C00935,ST228,Power BI,48,No
C00936,ST228,Statistics,30,No
C00937,ST228,Machine Learning,81,Yes
C00938,ST228,Python,40,No
C00939,ST228,Excel,31,No
C00940,ST229,Excel,74,No
C00941,ST229,Machine Learning,52,No
C00942,ST230,Statistics,85,Yes
C00943,ST230,Excel,81,Yes
C00944,ST230,Python,72,No
C00945,ST230,SQL,79,No
C00946,ST230,Power BI,34,No
C00947,ST231,Excel,65,No
C00948,ST231,SQL,84,Yes
C00949,ST232,Power BI,64,No
C00950,ST232,SQL,41,No
C00951,ST232,Excel,82,Yes
C00952,ST233,Power BI,16,No
C00953,ST233,Excel,19,No
C00954,ST233,Python,42,No
C00955,ST234,Excel,79,No
C00956,ST234,Statistics,50,No
C00957,ST234,Machine Learning,51,No
C00958,ST234,Power BI,76,No
C00959,ST234,SQL,34,No
C00960,ST235,Python,84,Yes
C00961,ST235,Statistics,52,No
C00962,ST235,SQL,41,No
C00963,ST236,Statistics,75,No
C00964,ST236,Power BI,76,No
C00965,ST236,SQL,42,No
C00966,ST236,Python,36,No
C00967,ST236,Excel,38,No
C00968,ST236,Machine Learning,79,No
C00969,ST237,Statistics,59,No
C00970,ST237,Machine Learning,68,No
C00971,ST237,Excel,50,No
C00972,ST237,SQL,41,No
C00973,ST237,Power BI,50,No
C00974,ST237,Python,63,No
C00975,ST238,Power BI,15,No
C00976,ST238,Machine Learning,30,No
C00977,ST238,Excel,7,No
C00978,ST239,Excel,16,No
C00979,ST239,Power BI,0,No
C00980,ST239,Statistics,1,No
C00981,ST239,Machine Learning,48,No
C00982,ST239,Python,16,No
C00983,ST240,Machine Learning,68,No
C00984,ST240,Python,77,No
C00985,ST240,SQL,75,No
C00986,ST240,Statistics,62,No
C00987,ST240,Excel,44,No
C00988,ST241,Python,85,Yes
C00989,ST241,Excel,50,No
C00990,ST241,Power BI,41,No
C00991,ST241,SQL,48,No
C00992,ST241,Machine Learning,46,No
C00993,ST242,Python,84,Yes
C00994,ST242,Machine Learning,32,No
C00995,ST242,SQL,41,No
C00996,ST242,Excel,48,No
C00997,ST242,Power BI,49,No
C00998,ST242,Statistics,31,No
C00999,ST243,Statistics,34,No
C01000,ST243,Machine Learning,83,Yes
C01001,ST244,Machine Learning,82,Yes
C01002,ST244,SQL,80,Yes
C01003,ST244,Excel,84,Yes
C01004,ST244,Python,80,Yes
C01005,ST245,Power BI,19,No
C01006,ST245,Machine Learning,28,No
C01007,ST245,Statistics,16,No
C01008,ST245,Excel,25,No
C01009,ST245,SQL,39,No
C01010,ST245,Python,34,No
C01011,ST246,SQL,74,No
C01012,ST246,Statistics,80,Yes
C01013,ST246,Power BI,64,No
C01014,ST246,Excel,43,No
C01015,ST246,Python,49,No
C01016,ST246,Machine Learning,77,No
C01017,ST247,Excel,23,No
C01018,ST247,Machine Learning,0,No
C01019,ST247,Power BI,22,No
C01020,ST247,Statistics,49,No
C01021,ST247,SQL,23,No
C01022,ST248,SQL,63,No
C01023,ST248,Power BI,83,Yes
C01024,ST248,Excel,56,No
C01025,ST249,Power BI,92,Yes
C01026,ST249,SQL,94,Yes
C01027,ST249,Machine Learning,77,No
C01028,ST249,Python,78,No
C01029,ST249,Statistics,79,No
C01030,ST250,SQL,1,No
C01031,ST250,Python,45,No
C01032,ST250,Machine Learning,39,No
C01033,ST251,Statistics,69,No
C01034,ST251,Excel,64,No
C01035,ST251,Power BI,67,No
C01036,ST252,Python,57,No
C01037,ST252,Excel,82,Yes
C01038,ST252,SQL,64,No
C01039,ST253,Machine Learning,33,No
C01040,ST253,Statistics,51,No
C01041,ST253,Excel,55,No
C01042,ST253,Python,64,No
C01043,ST253,Power BI,55,No
C01044,ST254,Power BI,80,Yes
C01045,ST254,Statistics,94,Yes
C01046,ST254,Python,88,Yes
C01047,ST254,SQL,72,No
C01048,ST254,Machine Learning,74,No
C01049,ST255,SQL,46,No
C01050,ST255,Power BI,24,No
C01051,ST255,Excel,1,No
C01052,ST255,Python,30,No
C01053,ST255,Statistics,18,No
C01054,ST255,Machine Learning,50,No
C01055,ST256,Power BI,87,Yes
C01056,ST256,SQL,73,No
C01057,ST256,Machine Learning,78,No
C01058,ST257,Python,65,No
C01059,ST257,Statistics,55,No
C01060,ST257,Power BI,84,Yes
C01061,ST257,Excel,56,No
C01062,ST258,SQL,83,Yes
C01063,ST258,Power BI,37,No
C01064,ST258,Statistics,76,No
C01065,ST258,Excel,41,No
C01066,ST258,Python,65,No
C01067,ST259,Machine Learning,71,No
C01068,ST259,Power BI,73,No
C01069,ST259,Excel,97,Yes
C01070,ST260,Python,78,No
C01071,ST260,Machine Learning,43,No
C01072,ST260,Power BI,83,Yes
C01073,ST260,Excel,58,No
C01074,ST261,Power BI,56,No
C01075,ST261,Python,73,No
C01076,ST262,Excel,42,No
C01077,ST262,Machine Learning,75,No
C01078,ST263,SQL,76,No
C01079,ST263,Machine Learning,94,Yes
C01080,ST263,Statistics,73,No
C01081,ST264,Excel,64,No
C01082,ST264,Machine Learning,74,No
C01083,ST264,Python,31,No
C01084,ST264,Power BI,69,No
C01085,ST264,SQL,31,No
C01086,ST264,Statistics,78,No
C01087,ST265,Python,68,No
C01088,ST265,Power BI,67,No
C01089,ST266,SQL,73,No
C01090,ST266,Statistics,43,No
C01091,ST266,Power BI,37,No
C01092,ST266,Machine Learning,54,No
C01093,ST267,Machine Learning,37,No
C01094,ST267,Power BI,56,No
C01095,ST268,Python,40,No
C01096,ST268,Machine Learning,82,Yes
C01097,ST269,Python,6,No
C01098,ST269,Power BI,31,No
C01099,ST269,Statistics,48,No
C01100,ST270,Excel,39,No
C01101,ST270,SQL,64,No
C01102,ST271,Python,93,Yes
C01103,ST271,Power BI,85,Yes
C01104,ST272,Machine Learning,79,No
C01105,ST272,Python,50,No
C01106,ST272,Excel,68,No
C01107,ST272,Power BI,53,No
C01108,ST272,SQL,33,No
C01109,ST272,Statistics,39,No
C01110,ST273,Machine Learning,55,No
C01111,ST273,SQL,46,No
C01112,ST273,Python,57,No
C01113,ST274,Power BI,33,No
C01114,ST274,Excel,79,No
C01115,ST275,SQL,38,No
C01116,ST275,Machine Learning,67,No
C01117,ST276,Python,68,No
C01118,ST276,SQL,74,No
C01119,ST276,Power BI,74,No
C01120,ST276,Excel,33,No
C01121,ST276,Machine Learning,69,No
C01122,ST277,Power BI,69,No
C01123,ST277,Statistics,59,No
C01124,ST278,SQL,31,No
C01125,ST278,Excel,83,Yes
C01126,ST278,Python,45,No
C01127,ST278,Power BI,38,No
C01128,ST279,Power BI,77,No
C01129,ST279,Machine Learning,96,Yes
C01130,ST279,Statistics,96,Yes
C01131,ST279,Excel,78,No
C01132,ST279,Python,100,Yes
C01133,ST280,Excel,34,No
C01134,ST280,Machine Learning,44,No
C01135,ST280,Power BI,33,No
C01136,ST280,Python,15,No
C01137,ST281,Machine Learning,47,No
C01138,ST281,Statistics,38,No
C01139,ST281,Power BI,37,No
C01140,ST281,SQL,3,No
C01141,ST281,Excel,19,No
C01142,ST282,SQL,78,No
C01143,ST282,Statistics,68,No
C01144,ST282,Excel,38,No
C01145,ST282,Python,56,No
C01146,ST282,Machine Learning,78,No
C01147,ST282,Power BI,31,No
C01148,ST283,SQL,68,No
C01149,ST283,Machine Learning,57,No
C01150,ST283,Excel,76,No
C01151,ST283,Power BI,35,No
C01152,ST284,Machine Learning,39,No
C01153,ST284,Power BI,70,No
C01154,ST284,Statistics,54,No
C01155,ST285,Machine Learning,70,No
C01156,ST285,Statistics,96,Yes
C01157,ST285,Power BI,94,Yes
C01158,ST286,SQL,50,No
C01159,ST286,Excel,57,No
C01160,ST287,SQL,37,No
C01161,ST287,Statistics,8,No
C01162,ST287,Python,15,No
C01163,ST287,Excel,15,No
C01164,ST287,Machine Learning,33,No
C01165,ST287,Power BI,38,No
C01166,ST288,Excel,18,No
C01167,ST288,SQL,41,No
C01168,ST288,Machine Learning,34,No
C01169,ST288,Power BI,33,No
C01170,ST288,Statistics,10,No
C01171,ST288,Python,29,No
C01172,ST289,Excel,74,No
C01173,ST289,Machine Learning,89,Yes
C01174,ST289,Python,98,Yes
C01175,ST289,Statistics,83,Yes
C01176,ST289,SQL,97,Yes
C01177,ST289,Power BI,83,Yes
C01178,ST290,Python,33,No
C01179,ST290,Excel,22,No
C01180,ST290,SQL,4,No
C01181,ST290,Power BI,46,No
C01182,ST290,Machine Learning,42,No
C01183,ST291,Python,59,No
C01184,ST291,Statistics,66,No
C01185,ST292,SQL,68,No
C01186,ST292,Machine Learning,54,No
C01187,ST292,Excel,55,No
C01188,ST293,Machine Learning,62,No
C01189,ST293,Power BI,71,No
C01190,ST293,SQL,51,No
C01191,ST293,Statistics,78,No
C01192,ST293,Python,46,No
C01193,ST293,Excel,56,No
C01194,ST294,Statistics,99,Yes
C01195,ST294,Python,75,No
C01196,ST294,Machine Learning,92,Yes
C01197,ST295,SQL,44,No
C01198,ST295,Machine Learning,51,No
C01199,ST296,Python,28,No
C01200,ST296,Machine Learning,46,No
C01201,ST296,Power BI,18,No
C01202,ST296,Excel,39,No
C01203,ST296,Statistics,26,No
C01204,ST297,Excel,13,No
C01205,ST297,Power BI,6,No
C01206,ST297,Machine Learning,20,No
C01207,ST297,Python,11,No
C01208,ST298,Machine Learning,95,Yes
C01209,ST298,Statistics,87,Yes
C01210,ST299,Excel,37,No
C01211,ST299,SQL,0,No
C01212,ST299,Power BI,25,No
C01213,ST300,Machine Learning,63,No
C01214,ST300,Excel,65,No
C01215,ST300,Statistics,43,No
C01216,ST300,Python,51,No
C01217,ST300,SQL,36,No
C01218,ST301,SQL,20,No
C01219,ST301,Python,43,No
C01220,ST302,Power BI,11,No
C01221,ST302,Machine Learning,16,No
C01222,ST302,Python,14,No
C01223,ST302,SQL,10,No
C01224,ST302,Statistics,10,No
C01225,ST303,SQL,50,No
C01226,ST303,Excel,34,No
C01227,ST303,Python,83,Yes
C01228,ST303,Machine Learning,39,No
C01229,ST304,SQL,48,No
C01230,ST304,Machine Learning,55,No
C01231,ST304,Python,74,No
C01232,ST305,SQL,57,No
C01233,ST305,Machine Learning,70,No
C01234,ST306,Machine Learning,86,Yes
C01235,ST306,Excel,95,Yes
C01236,ST306,Statistics,99,Yes
C01237,ST307,Excel,85,Yes
C01238,ST307,Python,88,Yes
C01239,ST307,SQL,89,Yes
C01240,ST308,Machine Learning,41,No
C01241,ST308,Statistics,80,Yes
C01242,ST308,Power BI,60,No
C01243,ST308,Excel,50,No
C01244,ST308,SQL,32,No
C01245,ST308,Python,81,Yes
C01246,ST309,Python,30,No
C01247,ST309,Power BI,32,No
C01248,ST309,SQL,80,Yes
C01249,ST309,Statistics,64,No
C01250,ST309,Excel,43,No
C01251,ST310,SQL,83,Yes
C01252,ST310,Machine Learning,95,Yes
C01253,ST310,Excel,79,No
C01254,ST310,Power BI,72,No
C01255,ST311,SQL,9,No
C01256,ST311,Statistics,21,No
C01257,ST311,Python,16,No
C01258,ST311,Machine Learning,13,No
C01259,ST311,Excel,4,No
C01260,ST312,Statistics,9,No
C01261,ST312,Machine Learning,22,No
C01262,ST312,Power BI,21,No
C01263,ST312,Python,39,No
C01264,ST312,SQL,42,No
C01265,ST313,Excel,93,Yes
C01266,ST313,Machine Learning,71,No
C01267,ST313,Power BI,74,No
C01268,ST313,Statistics,89,Yes
C01269,ST313,Python,88,Yes
C01270,ST313,SQL,91,Yes
C01271,ST314,Power BI,91,Yes
C01272,ST314,Python,86,Yes
C01273,ST314,Excel,75,No
C01274,ST315,Machine Learning,19,No
C01275,ST315,Excel,21,No
C01276,ST316,Statistics,3,No
C01277,ST316,Power BI,9,No
C01278,ST317,SQL,51,No
C01279,ST317,Excel,31,No
C01280,ST317,Power BI,48,No
C01281,ST318,Python,77,No
C01282,ST318,Power BI,95,Yes
C01283,ST318,Machine Learning,90,Yes
C01284,ST318,Statistics,94,Yes
C01285,ST318,SQL,91,Yes
C01286,ST319,Excel,40,No
C01287,ST319,Statistics,30,No
C01288,ST319,Python,47,No
C01289,ST319,SQL,26,No
C01290,ST319,Power BI,40,No
C01291,ST319,Machine Learning,19,No
C01292,ST320,Power BI,0,No
C01293,ST320,Excel,23,No
C01294,ST320,SQL,18,No
C01295,ST320,Machine Learning,50,No
C01296,ST321,Python,78,No
C01297,ST321,Power BI,61,No
C01298,ST321,Excel,82,Yes
C01299,ST321,Statistics,84,Yes
C01300,ST322,SQL,77,No
C01301,ST322,Power BI,77,No
C01302,ST323,Excel,58,No
C01303,ST323,Python,63,No
C01304,ST323,Power BI,54,No
C01305,ST323,Statistics,73,No
C01306,ST324,Python,4,No
C01307,ST324,Statistics,29,No
C01308,ST324,SQL,22,No
C01309,ST324,Power BI,5,No
C01310,ST324,Excel,33,No
C01311,ST325,Python,78,No
C01312,ST325,Power BI,74,No
C01313,ST325,Statistics,40,No
C01314,ST325,Excel,73,No
C01315,ST325,SQL,48,No
C01316,ST326,SQL,41,No
C01317,ST326,Statistics,64,No
C01318,ST326,Power BI,77,No
C01319,ST326,Machine Learning,76,No
C01320,ST326,Python,62,No
C01321,ST327,Power BI,21,No
C01322,ST327,Statistics,33,No
C01323,ST327,Machine Learning,44,No
C01324,ST327,Excel,48,No
C01325,ST328,Statistics,73,No
C01326,ST328,SQL,82,Yes
C01327,ST328,Machine Learning,99,Yes
C01328,ST329,Python,39,No
C01329,ST329,Machine Learning,18,No
C01330,ST330,Python,44,No
C01331,ST330,SQL,60,No
C01332,ST330,Excel,75,No
C01333,ST330,Machine Learning,33,No
C01334,ST331,Machine Learning,27,No
C01335,ST331,Statistics,29,No
C01336,ST332,Machine Learning,45,No
C01337,ST332,Excel,16,No
C01338,ST332,Power BI,26,No
C01339,ST332,Python,23,No
C01340,ST332,SQL,44,No
C01341,ST333,Power BI,100,Yes
C01342,ST333,Statistics,95,Yes
C01343,ST333,Machine Learning,71,No
C01344,ST333,Excel,80,Yes
C01345,ST334,Power BI,72,No
C01346,ST334,SQL,39,No
C01347,ST335,Machine Learning,61,No
C01348,ST335,Excel,80,Yes
C01349,ST335,Statistics,77,No
C01350,ST336,SQL,32,No
C01351,ST336,Python,40,No
C01352,ST336,Statistics,15,No
C01353,ST336,Power BI,4,No
C01354,ST337,Statistics,52,No
C01355,ST337,Machine Learning,65,No
C01356,ST337,Power BI,43,No
C01357,ST338,SQL,81,Yes
C01358,ST338,Machine Learning,50,No
C01359,ST339,Power BI,80,Yes
C01360,ST339,Machine Learning,85,Yes
C01361,ST339,SQL,95,Yes
C01362,ST340,Power BI,78,No
C01363,ST340,Python,51,No
C01364,ST340,Machine Learning,34,No
C01365,ST340,Statistics,65,No
C01366,ST340,Excel,52,No
C01367,ST340,SQL,66,No
C01368,ST341,SQL,56,No
C01369,ST341,Statistics,30,No
C01370,ST341,Python,31,No
C01371,ST341,Excel,59,No
C01372,ST341,Power BI,50,No
C01373,ST341,Machine Learning,79,No
C01374,ST342,Statistics,2,No
C01375,ST342,SQL,37,No
C01376,ST342,Power BI,35,No
C01377,ST343,SQL,76,No
C01378,ST343,Excel,84,Yes
C01379,ST343,Power BI,95,Yes
C01380,ST343,Statistics,89,Yes
C01381,ST343,Python,75,No
C01382,ST343,Machine Learning,92,Yes
C01383,ST344,Machine Learning,71,No
C01384,ST344,Python,82,Yes
C01385,ST344,Statistics,39,No
C01386,ST344,Power BI,65,No
C01387,ST345,Statistics,32,No
C01388,ST345,Power BI,45,No
C01389,ST345,Excel,22,No
C01390,ST345,Python,44,No
C01391,ST345,Machine Learning,42,No
C01392,ST346,SQL,44,No
C01393,ST346,Statistics,74,No
C01394,ST346,Power BI,73,No
C01395,ST347,Machine Learning,55,No
C01396,ST347,Excel,50,No
C01397,ST347,Statistics,35,No
C01398,ST348,SQL,85,Yes
C01399,ST348,Excel,67,No
C01400,ST348,Statistics,60,No
C01401,ST349,Excel,75,No
C01402,ST349,Statistics,32,No
C01403,ST349,Python,69,No
C01404,ST350,Excel,77,No
C01405,ST350,Machine Learning,69,No
C01406,ST350,SQL,57,No
C01407,ST350,Statistics,52,No
C01408,ST350,Power BI,54,No
C01409,ST351,Python,84,Yes
C01410,ST351,Excel,95,Yes
C01411,ST351,Statistics,86,Yes
C01412,ST351,SQL,79,No
C01413,ST351,Machine Learning,77,No
C01414,ST352,Excel,95,Yes
C01415,ST352,Power BI,81,Yes
C01416,ST353,Excel,61,No
C01417,ST353,Statistics,39,No
C01418,ST353,Python,31,No
C01419,ST353,Machine Learning,49,No
C01420,ST353,SQL,71,No
C01421,ST353,Power BI,67,No
C01422,ST354,SQL,84,Yes
C01423,ST354,Machine Learning,47,No
C01424,ST354,Python,80,Yes
C01425,ST354,Excel,40,No
C01426,ST354,Power BI,31,No
C01427,ST355,SQL,74,No
C01428,ST355,Python,71,No
C01429,ST355,Machine Learning,98,Yes
C01430,ST355,Excel,92,Yes
C01431,ST356,Statistics,14,No
C01432,ST356,Power BI,30,No
C01433,ST356,Excel,37,No
C01434,ST356,SQL,15,No
C01435,ST356,Machine Learning,27,No
C01436,ST357,Python,96,Yes
C01437,ST357,Power BI,88,Yes
C01438,ST357,Excel,70,No
C01439,ST357,SQL,91,Yes
C01440,ST358,Python,48,No
C01441,ST358,Statistics,71,No
C01442,ST358,Excel,63,No
C01443,ST358,Power BI,66,No
C01444,ST358,SQL,32,No
C01445,ST359,Statistics,75,No
C01446,ST359,SQL,46,No
C01447,ST359,Excel,58,No
C01448,ST360,Machine Learning,3,No
C01449,ST360,Python,37,No
C01450,ST360,SQL,8,No
C01451,ST360,Excel,37,No
C01452,ST360,Statistics,37,No
C01453,ST360,Power BI,35,No
C01454,ST361,Machine Learning,40,No
C01455,ST361,Power BI,12,No
C01456,ST361,Excel,33,No
C01457,ST361,Python,8,No
C01458,ST361,SQL,4,No
C01459,ST362,SQL,68,No
C01460,ST362,Power BI,58,No
C01461,ST362,Machine Learning,41,No
C01462,ST363,Excel,35,No
C01463,ST363,Power BI,45,No
C01464,ST363,SQL,43,No
C01465,ST364,SQL,74,No
C01466,ST364,Machine Learning,94,Yes
C01467,ST365,Power BI,30,No
C01468,ST365,Python,84,Yes
C01469,ST365,Excel,35,No
C01470,ST365,Machine Learning,56,No
C01471,ST365,SQL,48,No
C01472,ST365,Statistics,82,Yes
C01473,ST366,Power BI,48,No
C01474,ST366,Machine Learning,83,Yes
C01475,ST366,SQL,38,No
C01476,ST366,Python,33,No
C01477,ST366,Excel,60,No
C01478,ST366,Statistics,33,No
C01479,ST367,Power BI,51,No
C01480,ST367,Machine Learning,41,No
C01481,ST367,Excel,78,No
C01482,ST367,Statistics,56,No
C01483,ST368,Statistics,86,Yes
C01484,ST368,Machine Learning,91,Yes
C01485,ST368,SQL,83,Yes
C01486,ST368,Excel,76,No
C01487,ST368,Python,90,Yes
C01488,ST368,Power BI,81,Yes
C01489,ST369,Power BI,27,No
C01490,ST369,Statistics,39,No
C01491,ST369,Python,44,No
C01492,ST369,SQL,7,No
C01493,ST369,Machine Learning,7,No
C01494,ST370,Power BI,42,No
C01495,ST370,Python,48,No
C01496,ST371,Machine Learning,0,No
C01497,ST371,Excel,8,No
C01498,ST371,Python,28,No
C01499,ST372,SQL,61,No
C01500,ST372,Machine Learning,61,No
C01501,ST372,Power BI,44,No
C01502,ST372,Python,70,No
C01503,ST373,Machine Learning,11,No
C01504,ST373,SQL,30,No
C01505,ST373,Statistics,15,No
C01506,ST374,Excel,85,Yes
C01507,ST374,Python,80,Yes
C01508,ST374,Statistics,50,No
C01509,ST374,SQL,52,No
C01510,ST374,Machine Learning,78,No
C01511,ST375,SQL,46,No
C01512,ST375,Python,54,No
C01513,ST375,Power BI,59,No
C01514,ST375,Statistics,41,No
C01515,ST376,Excel,63,No
C01516,ST376,SQL,38,No
C01517,ST376,Python,40,No
C01518,ST376,Power BI,51,No
C01519,ST376,Machine Learning,43,No
C01520,ST377,Statistics,76,No
C01521,ST377,Excel,85,Yes
C01522,ST377,Python,89,Yes
C01523,ST377,Machine Learning,94,Yes
C01524,ST377,Power BI,91,Yes
C01525,ST377,SQL,77,No
C01526,ST378,SQL,22,No
C01527,ST378,Power BI,44,No
C01528,ST378,Statistics,24,No
C01529,ST378,Python,34,No
C01530,ST378,Excel,44,No
C01531,ST378,Machine Learning,14,No
C01532,ST379,Excel,17,No
C01533,ST379,Machine Learning,13,No
C01534,ST380,Excel,66,No
C01535,ST380,Python,62,No
C01536,ST380,Machine Learning,80,Yes
C01537,ST380,Statistics,45,No
C01538,ST381,Excel,88,Yes
C01539,ST381,SQL,76,No
C01540,ST382,Statistics,13,No
C01541,ST382,Python,5,No
C01542,ST382,Excel,47,No
C01543,ST382,SQL,39,No
C01544,ST383,Python,6,No
C01545,ST383,SQL,5,No
C01546,ST383,Power BI,24,No
C01547,ST384,SQL,80,Yes
C01548,ST384,Power BI,71,No
C01549,ST384,Statistics,54,No
C01550,ST384,Python,62,No
C01551,ST384,Machine Learning,77,No
C01552,ST385,Machine Learning,92,Yes
C01553,ST385,Power BI,72,No
C01554,ST385,Statistics,98,Yes
C01555,ST386,Power BI,77,No
C01556,ST386,Machine Learning,39,No
C01557,ST386,Python,52,No
C01558,ST386,SQL,72,No
C01559,ST386,Excel,63,No
C01560,ST386,Statistics,67,No
C01561,ST387,SQL,10,No
C01562,ST387,Power BI,25,No
C01563,ST387,Python,25,No
C01564,ST387,Excel,48,No
C01565,ST387,Machine Learning,21,No
C01566,ST387,Statistics,34,No
C01567,ST388,Excel,31,No
C01568,ST388,Power BI,2,No
C01569,ST388,SQL,40,No
C01570,ST388,Statistics,10,No
C01571,ST388,Python,37,No
C01572,ST389,Excel,58,No
C01573,ST389,SQL,45,No
C01574,ST389,Python,77,No
C01575,ST390,Machine Learning,49,No
C01576,ST390,Power BI,59,No
C01577,ST390,Excel,75,No
C01578,ST390,Statistics,68,No
C01579,ST391,Machine Learning,34,No
C01580,ST391,Power BI,51,No
C01581,ST391,Excel,77,No
C01582,ST391,Statistics,38,No
C01583,ST391,SQL,45,No
C01584,ST392,Excel,43,No
C01585,ST392,Statistics,32,No
C01586,ST392,SQL,15,No
C01587,ST392,Machine Learning,50,No
C01588,ST392,Python,14,No
C01589,ST392,Power BI,25,No
C01590,ST393,Statistics,75,No
C01591,ST393,Python,100,Yes
C01592,ST394,Python,70,No
C01593,ST394,Statistics,88,Yes
C01594,ST394,SQL,99,Yes
C01595,ST394,Excel,87,Yes
C01596,ST394,Power BI,80,Yes
C01597,ST395,Machine Learning,61,No
C01598,ST395,Excel,34,No
C01599,ST395,Power BI,62,No
C01600,ST395,Python,57,No
C01601,ST395,SQL,52,No
C01602,ST395,Statistics,55,No
C01603,ST396,Power BI,63,No
C01604,ST396,Statistics,66,No
C01605,ST396,Machine Learning,37,No
C01606,ST396,SQL,46,No
C01607,ST396,Excel,32,No
C01608,ST396,Python,69,No
C01609,ST397,Power BI,70,No
C01610,ST397,SQL,49,No
C01611,ST397,Statistics,50,No
C01612,ST397,Machine Learning,68,No
C01613,ST397,Excel,79,No
C01614,ST398,Machine Learning,78,No
C01615,ST398,Statistics,86,Yes
C01616,ST399,Statistics,61,No
C01617,ST399,Power BI,59,No
C01618,ST399,Machine Learning,63,No
C01619,ST399,SQL,41,No
C01620,ST400,Statistics,27,No
C01621,ST400,Python,23,No
C01622,ST400,SQL,34,No
C01623,ST401,Machine Learning,27,No
C01624,ST401,Statistics,25,No
C01625,ST401,SQL,50,No
C01626,ST401,Power BI,40,No
C01627,ST401,Excel,37,No
C01628,ST402,Machine Learning,85,Yes
C01629,ST402,Python,74,No
C01630,ST402,Power BI,88,Yes
C01631,ST402,SQL,89,Yes
C01632,ST403,Statistics,31,No
C01633,ST403,SQL,66,No
C01634,ST403,Python,75,No
C01635,ST404,Python,49,No
C01636,ST404,Power BI,60,No
C01637,ST405,Python,94,Yes
C01638,ST405,Excel,70,No
C01639,ST406,Power BI,69,No
C01640,ST406,Python,30,No
C01641,ST406,Excel,50,No
C01642,ST407,SQL,72,No
C01643,ST407,Excel,49,No
C01644,ST407,Python,46,No
C01645,ST407,Power BI,62,No
C01646,ST407,Machine Learning,51,No
C01647,ST408,Power BI,72,No
C01648,ST408,SQL,60,No
C01649,ST408,Python,61,No
C01650,ST409,Machine Learning,73,No
C01651,ST409,SQL,71,No
C01652,ST409,Power BI,81,Yes
C01653,ST410,Machine Learning,25,No
C01654,ST410,SQL,49,No
C01655,ST410,Excel,9,No
C01656,ST411,Python,9,No
C01657,ST411,Machine Learning,5,No
C01658,ST412,SQL,37,No
C01659,ST412,Machine Learning,62,No
C01660,ST412,Python,62,No
C01661,ST412,Power BI,52,No
C01662,ST412,Excel,78,No
C01663,ST412,Statistics,64,No
C01664,ST413,SQL,34,No
C01665,ST413,Power BI,30,No
C01666,ST413,Statistics,20,No
C01667,ST413,Excel,42,No
C01668,ST414,Machine Learning,82,Yes
C01669,ST414,Excel,100,Yes
C01670,ST414,SQL,77,No
C01671,ST414,Power BI,71,No
C01672,ST415,Machine Learning,83,Yes
C01673,ST415,Statistics,81,Yes
C01674,ST415,SQL,38,No
C01675,ST415,Excel,35,No
C01676,ST415,Power BI,57,No
C01677,ST416,Python,84,Yes
C01678,ST416,SQL,92,Yes
C01679,ST416,Machine Learning,90,Yes
C01680,ST416,Power BI,75,No
C01681,ST416,Excel,82,Yes
C01682,ST417,Power BI,44,No
C01683,ST417,Excel,60,No
C01684,ST417,SQL,43,No
C01685,ST417,Statistics,33,No
C01686,ST417,Machine Learning,50,No
C01687,ST417,Python,46,No
C01688,ST418,Machine Learning,74,No
C01689,ST418,Statistics,74,No
C01690,ST418,Python,93,Yes
C01691,ST418,Power BI,82,Yes
C01692,ST418,SQL,88,Yes
C01693,ST418,Excel,91,Yes
C01694,ST419,SQL,74,No
C01695,ST419,Power BI,78,No
C01696,ST419,Python,51,No
C01697,ST419,Statistics,54,No
C01698,ST419,Machine Learning,50,No
C01699,ST419,Excel,38,No
C01700,ST420,Python,70,No
C01701,ST420,Excel,95,Yes
C01702,ST420,Machine Learning,75,No
C01703,ST420,Statistics,84,Yes
C01704,ST421,Statistics,78,No
C01705,ST421,SQL,97,Yes
C01706,ST421,Power BI,98,Yes
C01707,ST421,Python,73,No
C01708,ST421,Excel,81,Yes
C01709,ST421,Machine Learning,89,Yes
C01710,ST422,Python,75,No
C01711,ST422,Machine Learning,53,No
C01712,ST423,Power BI,46,No
C01713,ST423,SQL,16,No
C01714,ST423,Statistics,10,No
C01715,ST423,Python,4,No
C01716,ST424,Statistics,61,No
C01717,ST424,SQL,56,No
C01718,ST424,Python,85,Yes
C01719,ST425,Python,45,No
C01720,ST425,SQL,50,No
C01721,ST425,Excel,40,No
C01722,ST425,Machine Learning,39,No
C01723,ST426,Python,71,No
C01724,ST426,Statistics,45,No
C01725,ST426,Excel,43,No
C01726,ST426,SQL,68,No
C01727,ST426,Power BI,51,No
C01728,ST427,Machine Learning,30,No
C01729,ST427,Excel,49,No
C01730,ST427,Power BI,38,No
C01731,ST428,Machine Learning,73,No
C01732,ST428,Power BI,74,No
C01733,ST428,SQL,70,No
C01734,ST428,Python,93,Yes
C01735,ST428,Statistics,93,Yes
C01736,ST428,Excel,80,Yes
C01737,ST429,SQL,45,No
C01738,ST429,Python,38,No
C01739,ST430,SQL,83,Yes
C01740,ST430,Python,75,No
C01741,ST430,Excel,73,No
C01742,ST430,Power BI,72,No
C01743,ST430,Statistics,73,No
C01744,ST430,Machine Learning,86,Yes
C01745,ST431,Machine Learning,87,Yes
C01746,ST431,Python,76,No
C01747,ST432,Excel,79,No
C01748,ST432,Power BI,59,No
C01749,ST432,SQL,35,No
C01750,ST432,Machine Learning,80,Yes
C01751,ST433,Power BI,78,No
C01752,ST433,SQL,81,Yes
C01753,ST433,Excel,82,Yes
C01754,ST433,Machine Learning,91,Yes
C01755,ST434,Excel,83,Yes
C01756,ST434,Statistics,74,No
C01757,ST434,Machine Learning,96,Yes
C01758,ST434,Power BI,86,Yes
C01759,ST434,SQL,88,Yes
C01760,ST435,Machine Learning,25,No
C01761,ST435,Excel,15,No
C01762,ST435,Statistics,28,No
C01763,ST435,SQL,24,No
C01764,ST435,Python,43,No
C01765,ST435,Power BI,25,No
C01766,ST436,Excel,63,No
C01767,ST436,Power BI,55,No
C01768,ST437,Power BI,27,No
C01769,ST437,SQL,4,No
C01770,ST437,Excel,46,No
C01771,ST437,Python,20,No
C01772,ST437,Machine Learning,11,No
C01773,ST438,Power BI,90,Yes
C01774,ST438,Statistics,87,Yes
C01775,ST438,SQL,76,No
C01776,ST438,Machine Learning,98,Yes
C01777,ST439,SQL,44,No
C01778,ST439,Python,3,No
C01779,ST440,Python,22,No
C01780,ST440,Excel,26,No
C01781,ST440,Machine Learning,27,No
C01782,ST440,Power BI,29,No
C01783,ST441,Excel,82,Yes
C01784,ST441,Power BI,96,Yes
C01785,ST442,SQL,80,Yes
C01786,ST442,Excel,91,Yes
C01787,ST442,Python,90,Yes
C01788,ST442,Machine Learning,92,Yes
C01789,ST442,Power BI,74,No
C01790,ST443,Python,40,No
C01791,ST443,SQL,61,No
C01792,ST444,Excel,86,Yes
C01793,ST444,Python,78,No
C01794,ST444,SQL,78,No
C01795,ST444,Machine Learning,96,Yes
C01796,ST444,Power BI,99,Yes
C01797,ST444,Statistics,78,No
C01798,ST445,Power BI,85,Yes
C01799,ST445,Machine Learning,81,Yes
C01800,ST446,Machine Learning,84,Yes
C01801,ST446,Excel,76,No
C01802,ST446,Statistics,77,No
C01803,ST446,Power BI,79,No
C01804,ST447,Python,100,Yes
C01805,ST447,Excel,82,Yes
C01806,ST448,Python,45,No
C01807,ST448,Machine Learning,40,No
C01808,ST448,Power BI,73,No
C01809,ST448,Statistics,59,No
C01810,ST449,Excel,72,No
C01811,ST449,Machine Learning,77,No
C01812,ST449,Statistics,46,No
C01813,ST449,SQL,52,No
C01814,ST449,Python,76,No
C01815,ST449,Power BI,63,No
C01816,ST450,Excel,66,No
C01817,ST450,Machine Learning,79,No
C01818,ST450,Power BI,51,No
C01819,ST450,Statistics,61,No
C01820,ST451,Python,31,No
C01821,ST451,Excel,84,Yes
C01822,ST451,Statistics,55,No
C01823,ST452,Statistics,34,No
C01824,ST452,Excel,21,No
C01825,ST453,Excel,35,No
C01826,ST453,Python,69,No
C01827,ST453,Statistics,38,No
C01828,ST453,Power BI,52,No
C01829,ST454,Excel,51,No
C01830,ST454,Power BI,58,No
C01831,ST454,Machine Learning,33,No
C01832,ST454,Python,59,No
C01833,ST455,SQL,72,No
C01834,ST455,Python,31,No
C01835,ST455,Machine Learning,56,No
C01836,ST455,Statistics,71,No
C01837,ST456,Power BI,44,No
C01838,ST456,SQL,33,No
C01839,ST457,Power BI,38,No
C01840,ST457,Statistics,27,No
C01841,ST457,Python,46,No
C01842,ST457,Machine Learning,26,No
C01843,ST458,Python,13,No
C01844,ST458,Power BI,42,No
C01845,ST458,Machine Learning,6,No
C01846,ST459,SQL,58,No
C01847,ST459,Python,70,No
C01848,ST459,Statistics,71,No
C01849,ST459,Power BI,78,No
C01850,ST459,Machine Learning,48,No
C01851,ST459,Excel,59,No
C01852,ST460,SQL,6,No
C01853,ST460,Statistics,15,No
C01854,ST460,Power BI,43,No
C01855,ST461,Machine Learning,53,No
C01856,ST461,Power BI,57,No
C01857,ST461,Statistics,30,No
C01858,ST461,Excel,48,No
C01859,ST461,SQL,68,No
C01860,ST462,Python,37,No
C01861,ST462,Machine Learning,46,No
C01862,ST462,Statistics,52,No
C01863,ST462,Power BI,49,No
C01864,ST462,SQL,73,No
C01865,ST463,Machine Learning,4,No
C01866,ST463,Python,16,No
C01867,ST464,Python,100,Yes
C01868,ST464,SQL,86,Yes
C01869,ST464,Statistics,71,No
C01870,ST464,Machine Learning,92,Yes
C01871,ST464,Power BI,96,Yes
C01872,ST465,Excel,41,No
C01873,ST465,Power BI,60,No
C01874,ST465,Python,65,No
C01875,ST465,Machine Learning,77,No
C01876,ST465,Statistics,70,No
C01877,ST465,SQL,68,No
C01878,ST466,SQL,75,No
C01879,ST466,Python,70,No
C01880,ST466,Statistics,99,Yes
C01881,ST467,SQL,42,No
C01882,ST467,Excel,12,No
C01883,ST467,Statistics,21,No
C01884,ST467,Machine Learning,20,No
C01885,ST467,Power BI,31,No
C01886,ST467,Python,34,No
C01887,ST468,Power BI,82,Yes
C01888,ST468,SQL,94,Yes
C01889,ST468,Python,72,No
C01890,ST469,Power BI,75,No
C01891,ST469,Excel,99,Yes
C01892,ST469,Statistics,98,Yes
C01893,ST469,Python,92,Yes
C01894,ST470,Statistics,34,No
C01895,ST470,Machine Learning,35,No
C01896,ST470,Power BI,68,No
C01897,ST471,SQL,37,No
C01898,ST471,Power BI,14,No
C01899,ST471,Machine Learning,43,No
C01900,ST471,Excel,35,No
C01901,ST472,Statistics,8,No
C01902,ST472,Excel,40,No
C01903,ST473,Power BI,38,No
C01904,ST473,Machine Learning,40,No
C01905,ST473,Statistics,33,No
C01906,ST473,Excel,55,No
C01907,ST473,SQL,51,No
C01908,ST474,SQL,87,Yes
C01909,ST474,Python,96,Yes
C01910,ST474,Power BI,92,Yes
C01911,ST475,SQL,55,No
C01912,ST475,Excel,60,No
C01913,ST475,Power BI,42,No
C01914,ST476,Power BI,10,No
C01915,ST476,Machine Learning,40,No
C01916,ST476,SQL,27,No
C01917,ST476,Excel,34,No
C01918,ST476,Statistics,11,No
C01919,ST477,Power BI,100,Yes
C01920,ST477,Statistics,94,Yes
C01921,ST477,Python,83,Yes
C01922,ST478,Statistics,76,No
C01923,ST478,Excel,55,No
C01924,ST478,Python,66,No
C01925,ST478,Power BI,77,No
C01926,ST478,Machine Learning,70,No
C01927,ST479,Power BI,11,No
C01928,ST479,Machine Learning,46,No
C01929,ST480,Machine Learning,72,No
C01930,ST480,Power BI,37,No
C01931,ST481,SQL,52,No
C01932,ST481,Statistics,43,No
C01933,ST482,Power BI,82,Yes
C01934,ST482,Python,31,No
C01935,ST482,Excel,62,No
C01936,ST482,Statistics,31,No
C01937,ST483,Machine Learning,80,Yes
C01938,ST483,Power BI,62,No
C01939,ST483,Excel,36,No
C01940,ST483,SQL,43,No
C01941,ST483,Python,51,No
C01942,ST484,Excel,78,No
C01943,ST484,Machine Learning,45,No
C01944,ST484,Statistics,82,Yes
C01945,ST485,Power BI,73,No
C01946,ST485,SQL,44,No
C01947,ST485,Statistics,73,No
C01948,ST485,Python,46,No
C01949,ST485,Machine Learning,74,No
C01950,ST485,Excel,44,No
C01951,ST486,Excel,46,No
C01952,ST486,Power BI,8,No
C01953,ST486,Python,1,No
C01954,ST486,SQL,43,No
C01955,ST486,Statistics,19,No
C01956,ST487,Python,25,No
C01957,ST487,Power BI,29,No
C01958,ST487,Excel,28,No
C01959,ST487,SQL,41,No
C01960,ST487,Statistics,17,No
C01961,ST487,Machine Learning,4,No
C01962,ST488,SQL,25,No
C01963,ST488,Power BI,5,No
C01964,ST489,Statistics,40,No
C01965,ST489,Excel,52,No
C01966,ST489,Python,41,No
C01967,ST489,Machine Learning,46,No
C01968,ST489,Power BI,63,No
C01969,ST490,Machine Learning,32,No
C01970,ST490,Power BI,42,No
C01971,ST491,Excel,10,No
C01972,ST491,Statistics,20,No
C01973,ST491,SQL,41,No
C01974,ST491,Power BI,42,No
C01975,ST492,SQL,81,Yes
C01976,ST492,Machine Learning,73,No
C01977,ST492,Excel,63,No
C01978,ST492,Statistics,52,No
C01979,ST493,SQL,30,No
C01980,ST493,Python,40,No
C01981,ST494,Statistics,70,No
C01982,ST494,Python,44,No
C01983,ST494,Machine Learning,75,No
C01984,ST494,Excel,82,Yes
C01985,ST494,Power BI,54,No
C01986,ST494,SQL,36,No
C01987,ST495,Python,100,Yes
C01988,ST495,SQL,98,Yes
C01989,ST495,Power BI,92,Yes
C01990,ST495,Excel,79,No
C01991,ST495,Statistics,78,No
C01992,ST496,Machine Learning,83,Yes
C01993,ST496,Excel,82,Yes
C01994,ST496,SQL,86,Yes
C01995,ST496,Statistics,87,Yes
C01996,ST496,Python,95,Yes
C01997,ST496,Power BI,76,No
C01998,ST497,Python,75,No
C01999,ST497,Machine Learning,45,No
C02000,ST497,Power BI,64,No
C02001,ST497,Excel,81,Yes
C02002,ST498,Machine Learning,38,No
C02003,ST498,Excel,33,No
C02004,ST498,Statistics,64,No
C02005,ST498,SQL,75,No
C02006,ST498,Python,34,No
C02007,ST499,Statistics,100,Yes
C02008,ST499,SQL,98,Yes
C02009,ST499,Power BI,71,No
C02010,ST499,Excel,94,Yes
C02011,ST500,Excel,86,Yes
C02012,ST500,Statistics,96,Yes
C02013,ST500,Python,84,Yes
C02014,ST500,Power BI,95,Yes
C02015,ST500,SQL,79,No
C02016,ST500,Machine Learning,89,Yes
